{
  "project_info": {
    "project_number": "28431469392",
    "firebase_url": "https://virmana-981bb-default-rtdb.firebaseio.com",
    "project_id": "virmana-981bb",
    "storage_bucket": "virmana-981bb.appspot.com"
  },
  "client": [
    {
      "client_info": {
        "mobilesdk_app_id": "1:28431469392:android:ad00c6bb5efcc1c100fa55",
        "android_client_info": {
          "package_name": "com.virmana.myteam"
        }
      },
      "oauth_client": [],
      "api_key": [
        {
          "current_key": "AIzaSyCSxUl5k4bQQhQh2gYWFkWTyCqpDW8ab7o"
        }
      ],
      "services": {
        "appinvite_service": {
          "other_platform_oauth_client": []
        }
      }
    }
  ],
  "configuration_version": "1"
}